modulation,sigma_phi_deg,snr_db,sep
16-QAM,0.0,0,0.73943
16-QAM,0.0,2,0.67431
16-QAM,0.0,4,0.58827
16-QAM,0.0,6,0.47955
16-QAM,0.0,8,0.3524
16-QAM,0.0,10,0.22401
16-QAM,0.0,12,0.11013
16-QAM,0.0,14,0.03641
16-QAM,0.0,16,0.0072
16-QAM,0.0,18,0.00065
16-QAM,0.0,20,0.0
16-QAM,0.0,22,0.0
16-QAM,0.0,24,0.0
16-QAM,0.0,26,0.0
16-QAM,0.0,28,0.0
16-QAM,0.0,30,0.0
16-QAM,2.0,0,0.73822
16-QAM,2.0,2,0.67771
16-QAM,2.0,4,0.59091
16-QAM,2.0,6,0.48231
16-QAM,2.0,8,0.35775
16-QAM,2.0,10,0.22559
16-QAM,2.0,12,0.1125
16-QAM,2.0,14,0.04103
16-QAM,2.0,16,0.00901
16-QAM,2.0,18,0.00097
16-QAM,2.0,20,4e-05
16-QAM,2.0,22,0.0
16-QAM,2.0,24,0.0
16-QAM,2.0,26,0.0
16-QAM,2.0,28,0.0
16-QAM,2.0,30,0.0
16-QAM,4.0,0,0.74218
16-QAM,4.0,2,0.68037
16-QAM,4.0,4,0.59256
16-QAM,4.0,6,0.48748
16-QAM,4.0,8,0.36569
16-QAM,4.0,10,0.23776
16-QAM,4.0,12,0.12487
16-QAM,4.0,14,0.0522
16-QAM,4.0,16,0.01578
16-QAM,4.0,18,0.00443
16-QAM,4.0,20,0.00106
16-QAM,4.0,22,0.00022
16-QAM,4.0,24,5e-05
16-QAM,4.0,26,5e-05
16-QAM,4.0,28,3e-05
16-QAM,4.0,30,2e-05
16-QAM,6.0,0,0.7449
16-QAM,6.0,2,0.68109
16-QAM,6.0,4,0.59708
16-QAM,6.0,6,0.49505
16-QAM,6.0,8,0.37902
16-QAM,6.0,10,0.2542
16-QAM,6.0,12,0.14834
16-QAM,6.0,14,0.07286
16-QAM,6.0,16,0.03245
16-QAM,6.0,18,0.01609
16-QAM,6.0,20,0.00889
16-QAM,6.0,22,0.00534
16-QAM,6.0,24,0.00343
16-QAM,6.0,26,0.00315
16-QAM,6.0,28,0.00248
16-QAM,6.0,30,0.00245
64-QAM,0.0,0,0.9225
64-QAM,0.0,2,0.90206
64-QAM,0.0,4,0.86907
64-QAM,0.0,6,0.82324
64-QAM,0.0,8,0.75946
64-QAM,0.0,10,0.67331
64-QAM,0.0,12,0.55962
64-QAM,0.0,14,0.42155
64-QAM,0.0,16,0.27195
64-QAM,0.0,18,0.13782
64-QAM,0.0,20,0.05082
64-QAM,0.0,22,0.00985
64-QAM,0.0,24,0.00091
64-QAM,0.0,26,1e-05
64-QAM,0.0,28,0.0
64-QAM,0.0,30,0.0
64-QAM,2.0,0,0.92496
64-QAM,2.0,2,0.9022
64-QAM,2.0,4,0.87001
64-QAM,2.0,6,0.82584
64-QAM,2.0,8,0.76215
64-QAM,2.0,10,0.67619
64-QAM,2.0,12,0.56465
64-QAM,2.0,14,0.42865
64-QAM,2.0,16,0.2895
64-QAM,2.0,18,0.16117
64-QAM,2.0,20,0.06891
64-QAM,2.0,22,0.02197
64-QAM,2.0,24,0.00575
64-QAM,2.0,26,0.00172
64-QAM,2.0,28,0.00046
64-QAM,2.0,30,0.00025
64-QAM,4.0,0,0.92585
64-QAM,4.0,2,0.90082
64-QAM,4.0,4,0.87134
64-QAM,4.0,6,0.82593
64-QAM,4.0,8,0.76691
64-QAM,4.0,10,0.68646
64-QAM,4.0,12,0.58106
64-QAM,4.0,14,0.46179
64-QAM,4.0,16,0.33032
64-QAM,4.0,18,0.21444
64-QAM,4.0,20,0.12737
64-QAM,4.0,22,0.07411
64-QAM,4.0,24,0.0465
64-QAM,4.0,26,0.03513
64-QAM,4.0,28,0.02865
64-QAM,4.0,30,0.02537
64-QAM,6.0,0,0.92409
64-QAM,6.0,2,0.90346
64-QAM,6.0,4,0.87364
64-QAM,6.0,6,0.83395
64-QAM,6.0,8,0.77459
64-QAM,6.0,10,0.70169
64-QAM,6.0,12,0.6064
64-QAM,6.0,14,0.49703
64-QAM,6.0,16,0.38946
64-QAM,6.0,18,0.28368
64-QAM,6.0,20,0.20784
64-QAM,6.0,22,0.15846
64-QAM,6.0,24,0.13156
64-QAM,6.0,26,0.11752
64-QAM,6.0,28,0.10964
64-QAM,6.0,30,0.10358
256-QAM,0.0,0,0.9792
256-QAM,0.0,2,0.97217
256-QAM,0.0,4,0.96355
256-QAM,0.0,6,0.95095
256-QAM,0.0,8,0.92995
256-QAM,0.0,10,0.90047
256-QAM,0.0,12,0.85927
256-QAM,0.0,14,0.79501
256-QAM,0.0,16,0.71196
256-QAM,0.0,18,0.59601
256-QAM,0.0,20,0.4536
256-QAM,0.0,22,0.29603
256-QAM,0.0,24,0.15548
256-QAM,0.0,26,0.0553
256-QAM,0.0,28,0.01185
256-QAM,0.0,30,0.0013
256-QAM,2.0,0,0.97895
256-QAM,2.0,2,0.97337
256-QAM,2.0,4,0.96441
256-QAM,2.0,6,0.95158
256-QAM,2.0,8,0.93208
256-QAM,2.0,10,0.90203
256-QAM,2.0,12,0.86223
256-QAM,2.0,14,0.80153
256-QAM,2.0,16,0.72464
256-QAM,2.0,18,0.61963
256-QAM,2.0,20,0.49026
256-QAM,2.0,22,0.35727
256-QAM,2.0,24,0.23157
256-QAM,2.0,26,0.13471
256-QAM,2.0,28,0.07887
256-QAM,2.0,30,0.05094
256-QAM,4.0,0,0.97985
256-QAM,4.0,2,0.97329
256-QAM,4.0,4,0.96498
256-QAM,4.0,6,0.95194
256-QAM,4.0,8,0.93303
256-QAM,4.0,10,0.90646
256-QAM,4.0,12,0.86867
256-QAM,4.0,14,0.8174
256-QAM,4.0,16,0.74732
256-QAM,4.0,18,0.66355
256-QAM,4.0,20,0.56527
256-QAM,4.0,22,0.46597
256-QAM,4.0,24,0.37332
256-QAM,4.0,26,0.29851
256-QAM,4.0,28,0.25509
256-QAM,4.0,30,0.22711
256-QAM,6.0,0,0.9793
256-QAM,6.0,2,0.97333
256-QAM,6.0,4,0.96526
256-QAM,6.0,6,0.95306
256-QAM,6.0,8,0.93643
256-QAM,6.0,10,0.9114
256-QAM,6.0,12,0.87763
256-QAM,6.0,14,0.83261
256-QAM,6.0,16,0.77582
256-QAM,6.0,18,0.70895
256-QAM,6.0,20,0.63316
256-QAM,6.0,22,0.55353
256-QAM,6.0,24,0.48472
256-QAM,6.0,26,0.43321
256-QAM,6.0,28,0.39822
256-QAM,6.0,30,0.37509
